team_long_name,player_name,height,weight,date,away_team_goal,home_team_goal,country_id,potential,crossing,finishing,short_passing,dribbling,ball_control,acceleration,sprint_speed,stamina,score
KRC Genk,Aaron Appindangoye,182.88,187.0,2016-02-18 00:00:00,1.0,1.0,Belgium,-0.3740697377690869,-0.3538295534544572,-0.3117119894503498,-0.1009531109255394,-0.4617614990034995,-0.9490053373391584,-0.5912845450625986,-0.3230375080132396,-0.992635366797504,2
Beerschot AC,Aaron Cresswell,170.18,146.0,2015-11-19 00:00:00,0.0,0.0,Belgium,-0.3740697377690869,-0.3538295534544572,-0.3117119894503498,-0.1009531109255394,-0.4617614990034995,-0.9490053373391584,-0.5912845450625986,-0.3230375080132396,-0.992635366797504,2
SV Zulte-Waregem,Aaron Doran,170.18,163.0,2015-09-21 00:00:00,3.0,0.0,Belgium,-1.1342649458112055,-0.3538295534544572,-0.3117119894503498,-0.1009531109255394,-0.4617614990034995,-0.9490053373391584,-0.5912845450625986,-0.3230375080132396,-0.992635366797504,1
Sporting Lokeren,Aaron Galindo,182.88,198.0,2015-03-20 00:00:00,0.0,5.0,Belgium,-1.2863039874196294,-0.4119593926659461,-0.3643564587060254,-0.1715658856373789,-0.5182450240376621,-1.014959423502743,-0.5912845450625986,-0.3230375080132396,-0.992635366797504,1
KSV Cercle Brugge,Aaron Hughes,182.88,154.0,2007-02-22 00:00:00,3.0,1.0,Belgium,-1.2863039874196294,-0.4119593926659461,-0.3643564587060254,-0.1715658856373789,-0.5182450240376621,-1.014959423502743,-0.5912845450625986,-0.3230375080132396,-0.992635366797504,1
RSC Anderlecht,Aaron Hunt,182.88,161.0,2016-04-21 00:00:00,1.0,1.0,Belgium,0.3861254702730318,1.4481954621017017,0.1620882338507301,0.6051746361928556,0.7808760517480781,0.5019845582597078,0.8754712196034034,0.7932923593716877,0.9106357677956716,2
KAA Gent,Aaron Kuhl,172.72,146.0,2016-04-07 00:00:00,2.0,2.0,Belgium,0.3861254702730318,1.4481954621017017,0.1620882338507301,0.6051746361928556,0.7808760517480781,0.5019845582597078,0.8754712196034034,0.7932923593716877,0.9106357677956716,2
RAEC Mons,Aaron Lennon,165.1,139.0,2016-01-07 00:00:00,2.0,1.0,Belgium,0.2340864286646081,1.3900656228902126,0.1094437645950546,0.5345618614810161,0.6679090016797529,0.4360304720961229,0.8754712196034034,0.7932923593716877,0.9106357677956716,2
FCV Dender EH,Aaron Lennox,190.5,181.0,2015-12-24 00:00:00,0.0,1.0,Belgium,0.2340864286646081,1.3900656228902126,0.056799295339379,0.5345618614810161,0.6679090016797529,0.4360304720961229,0.8754712196034034,0.7932923593716877,0.9106357677956716,2
Standard de Liège,Aaron Meijers,175.26,170.0,2015-12-17 00:00:00,1.0,4.0,Belgium,0.2340864286646081,1.3900656228902126,0.056799295339379,0.5345618614810161,0.6679090016797529,0.4360304720961229,0.8754712196034034,0.7932923593716877,0.9106357677956716,2
KV Mechelen,Aaron Mokoena,182.88,181.0,2015-10-16 00:00:00,2.0,1.0,Belgium,0.5381645118814556,1.3900656228902126,0.056799295339379,0.5345618614810161,0.6679090016797529,0.4360304720961229,0.8754712196034034,0.7932923593716877,0.9106357677956716,2
Club Brugge KV,Aaron Mooy,175.26,150.0,2015-09-25 00:00:00,2.0,0.0,Belgium,0.6902035534898794,1.3900656228902126,0.056799295339379,0.5345618614810161,0.6679090016797529,0.4360304720961229,0.9526688914279298,0.7932923593716877,0.9106357677956716,2
KSV Roeselare,Aaron Muirhead,187.96,168.0,2015-09-21 00:00:00,0.0,0.0,Belgium,0.5381645118814556,1.3900656228902126,0.056799295339379,0.5345618614810161,0.4419749015431023,0.3041222997689533,0.8754712196034034,0.7932923593716877,0.9106357677956716,2
KV Kortrijk,Aaron Niguez,170.18,143.0,2015-01-09 00:00:00,2.0,2.0,Belgium,0.2340864286646081,1.3319357836787236,0.0041548260837035,0.4639490867691766,0.3854913765089398,0.2381682136053685,0.8754712196034034,1.1122437500530955,0.9106357677956716,2
Tubize,Aaron Ramsey,177.8,154.0,2014-12-05 00:00:00,2.0,1.0,Belgium,0.5381645118814556,1.3319357836787236,0.0041548260837035,0.4639490867691766,0.3854913765089398,0.2381682136053685,0.8754712196034034,1.1122437500530955,0.9106357677956716,2
Royal Excel Mouscron,Aaron Splaine,172.72,163.0,2014-11-07 00:00:00,1.0,0.0,Belgium,0.5381645118814556,1.3319357836787236,0.0041548260837035,0.4639490867691766,0.3854913765089398,0.2381682136053685,0.8754712196034034,1.1122437500530955,0.9106357677956716,2
KVC Westerlo,Aaron Taylor-Sinclair,182.88,176.0,2014-09-18 00:00:00,3.0,1.0,Belgium,0.5381645118814556,1.2738059444672347,0.0041548260837035,0.3227235373454976,0.3854913765089398,0.1722141274417836,0.8754712196034034,1.1122437500530955,0.9106357677956716,2
Sporting Charleroi,Aaron Wilbraham,190.5,159.0,2014-05-02 00:00:00,3.0,1.0,Belgium,0.8422425950983031,1.2738059444672347,0.0041548260837035,0.3227235373454976,0.3854913765089398,0.1722141274417836,1.2614595787260354,1.1122437500530955,0.9867666131793984,2
Sint-Truidense VV,Aatif Chahechouhe,175.26,150.0,2014-04-04 00:00:00,3.0,2.0,Belgium,0.8422425950983031,1.2738059444672347,0.0041548260837035,0.3227235373454976,0.3854913765089398,0.1722141274417836,1.2614595787260354,1.1122437500530955,0.9867666131793984,2
Lierse SK,Abasse Ba,187.96,185.0,2014-03-14 00:00:00,0.0,0.0,Belgium,0.8422425950983031,1.2738059444672347,0.0041548260837035,0.3227235373454976,0.3854913765089398,0.1062600412781988,1.2614595787260354,1.1122437500530955,0.9106357677956716,2
KAS Eupen,Abdelaziz Barrada,177.8,161.0,2013-12-13 00:00:00,2.0,2.0,Belgium,0.8422425950983031,1.2738059444672347,0.0041548260837035,0.3227235373454976,0.3854913765089398,0.2381682136053685,1.2614595787260354,1.1122437500530955,0.9106357677956716,2
Oud-Heverlee Leuven,Abdelfettah Boukhriss,185.42,161.0,2013-11-08 00:00:00,0.0,2.0,Belgium,0.8422425950983031,1.2738059444672347,0.0041548260837035,0.3227235373454976,0.3854913765089398,0.2381682136053685,1.2614595787260354,1.1122437500530955,0.9106357677956716,2
Waasland-Beveren,Abdelhamid El Kaoutari,180.34,161.0,2013-10-04 00:00:00,1.0,1.0,Belgium,0.8422425950983031,1.2738059444672347,0.0041548260837035,0.1108852132099791,0.3854913765089398,0.2381682136053685,1.2614595787260354,1.1122437500530955,0.7583740770282174,2
KV Oostende,Abdelkader Ghezzal,182.88,172.0,2013-09-20 00:00:00,2.0,1.0,Belgium,0.8422425950983031,1.2738059444672347,0.0041548260837035,0.1108852132099791,0.3854913765089398,0.2381682136053685,1.2614595787260354,1.1122437500530955,0.6822432316444904,2
Royal Excel Mouscron,Abdellah Zoubir,180.34,161.0,2013-05-03 00:00:00,0.0,0.0,Belgium,0.9942816367067268,1.2738059444672347,0.0041548260837035,0.1108852132099791,0.3290078514747771,0.1062600412781988,1.2614595787260354,1.0325059023827436,0.5299815408770363,2
Manchester United,Abdelmajid Oulmers,172.72,143.0,2013-03-22 00:00:00,0.0,1.0,Belgium,0.9942816367067268,1.2738059444672347,0.0041548260837035,0.1108852132099791,0.3290078514747771,0.1062600412781988,1.2614595787260354,1.0325059023827436,0.5299815408770363,2
Newcastle United,Abdelmalek Cherrad,185.42,165.0,2013-03-15 00:00:00,3.0,1.0,Belgium,0.9942816367067268,1.2738059444672347,0.0041548260837035,0.1108852132099791,0.3290078514747771,0.1062600412781988,1.2614595787260354,1.0325059023827436,0.5299815408770363,2
Arsenal,Abdelmalek El Hasnaoui,180.34,159.0,2013-02-22 00:00:00,1.0,1.0,Belgium,0.9942816367067268,1.2738059444672347,0.0041548260837035,0.1108852132099791,0.3290078514747771,0.1062600412781988,1.3386572505505618,1.0325059023827436,0.5299815408770363,2
West Bromwich Albion,Abdelouahed Chakhsi,182.88,170.0,2013-02-15 00:00:00,1.0,1.0,Belgium,0.9942816367067268,1.2738059444672347,0.0041548260837035,0.1108852132099791,0.3290078514747771,0.1062600412781988,1.3386572505505618,1.0325059023827436,0.5299815408770363,2
Sunderland,Abderrazak Jadid,177.8,157.0,2012-08-31 00:00:00,2.0,2.0,Belgium,0.9942816367067268,1.2738059444672347,0.0041548260837035,0.1108852132099791,0.2725243264406145,0.040305955114614,1.3386572505505618,1.0325059023827436,0.4538506954933093,2
Liverpool,Abdeslam Ouaddou,190.5,181.0,2012-02-22 00:00:00,1.0,1.0,Belgium,-0.8301868625943581,1.2738059444672347,0.1620882338507301,-0.0303403362136999,0.1595572763722892,0.040305955114614,0.1034945013581391,0.314865273349576,-0.3074577583439608,2
West Ham United,Abdessalam Benjelloun,187.96,179.0,2011-08-30 00:00:00,0.0,1.0,Belgium,-0.8301868625943581,1.0994164268327675,0.1620882338507301,-0.2421786603492184,0.1595572763722892,0.040305955114614,0.1034945013581391,0.314865273349576,-0.3074577583439608,2
Wigan Athletic,Abdou Diallo,182.88,159.0,2010-08-30 00:00:00,0.0,0.0,Belgium,-1.2863039874196294,0.1693389994489437,-0.5222898664730521,-1.2307575063149716,-0.8571461742426378,-1.3447298543206672,-1.903644966079548,-1.6785809184092229,-0.6119811398788689,1
Aston Villa,Abdou Traore,180.34,174.0,2010-02-22 00:00:00,1.0,2.0,Belgium,-1.4383430290280532,0.1112091602374547,-0.5749343357287277,-1.301370281026811,-0.9136296992768004,-1.410683940484252,-1.9808426379040744,-1.7583187660795747,-0.9165045214137768,1
Manchester City,Abdoul Ba,200.66,212.0,2009-08-30 00:00:00,0.0,3.0,Belgium,-1.2863039874196294,0.1693389994489437,-0.5222898664730521,-1.2307575063149716,-0.8571461742426378,-1.3447298543206672,-1.903644966079548,-1.6785809184092229,-0.84037367603005,1
Everton,Abdoul Karim Yoda,182.88,161.0,2009-02-22 00:00:00,2.0,3.0,Belgium,-2.046499195461748,-1.92333521216466,-0.1011341124276476,-1.6544341545860086,-1.873849624857565,-1.6745002851385913,-0.1280985141154401,-0.7217267463649993,-0.84037367603005,1
Blackburn Rovers,Abdoul Razzagui Camara,177.8,157.0,2008-08-30 00:00:00,0.0,2.0,Belgium,-2.046499195461748,-1.92333521216466,-0.1011341124276476,-1.6544341545860086,-1.873849624857565,-1.6745002851385913,-0.1280985141154401,-0.7217267463649993,-0.84037367603005,1
Middlesbrough,Abdoulay Konko,182.88,157.0,2007-02-22 00:00:00,1.0,3.0,Belgium,-2.046499195461748,-1.92333521216466,-0.1011341124276476,-1.6544341545860086,-1.873849624857565,-1.6745002851385913,-0.1280985141154401,-0.7217267463649993,-0.84037367603005,1
Tottenham Hotspur,Abdoulaye Ba,198.12,174.0,2016-01-07 00:00:00,2.0,1.0,Belgium,-0.982225904202782,0.5181180347178778,0.4253105801291079,0.2521107626336581,0.3854913765089398,0.2381682136053685,0.7210758759543505,0.47434096869028,-0.0790652221927797,2
Bolton Wanderers,Abdoulaye Bamba,182.88,150.0,2015-10-09 00:00:00,2.0,3.0,Belgium,-0.5261087793775107,0.5181180347178778,0.4253105801291079,0.2521107626336581,0.3854913765089398,0.2381682136053685,1.0298665632524562,0.5540788163606319,-0.0790652221927797,2
Stoke City,Abdoulaye Diaby,172.72,154.0,2015-09-21 00:00:00,1.0,2.0,Belgium,-0.5261087793775107,0.5181180347178778,0.4253105801291079,0.2521107626336581,0.3854913765089398,0.2381682136053685,0.7982735477788769,0.5540788163606319,-0.0790652221927797,2
Hull City,"Abdoulaye Diallo Sadio,22",182.88,168.0,2014-12-12 00:00:00,3.0,2.0,Belgium,-0.2220306961606631,0.5762478739293667,0.1094437645950546,0.2521107626336581,0.3854913765089398,0.2381682136053685,1.1070642350769826,0.9527680547123916,0.3777198501095823,2
Fulham,Abdoulaye Diallo,187.96,174.0,2014-09-18 00:00:00,2.0,2.0,Belgium,-0.2220306961606631,0.6925075523523447,0.1094437645950546,0.2521107626336581,0.5549419516114276,0.3041222997689533,1.1070642350769826,0.9527680547123916,0.3777198501095823,2
Chelsea,Abdoulaye Doucoure,182.88,165.0,2014-04-18 00:00:00,0.0,1.0,Belgium,0.5381645118814556,0.6925075523523447,0.1094437645950546,0.2521107626336581,0.5549419516114276,0.3041222997689533,1.1070642350769826,0.9527680547123916,0.3777198501095823,2
Portsmouth,Abdoulaye Faye,187.96,218.0,2014-03-14 00:00:00,2.0,0.0,Belgium,0.5381645118814556,0.6925075523523447,0.1094437645950546,0.2521107626336581,0.5549419516114276,0.3041222997689533,1.1070642350769826,0.9527680547123916,0.3777198501095823,2
Birmingham City,Abdoulaye Keita,175.26,165.0,2014-01-31 00:00:00,0.0,3.0,Belgium,0.6902035534898794,0.8087672307753228,0.1094437645950546,0.3933363120573371,0.6114254766455902,0.5019845582597078,1.1070642350769826,0.9527680547123916,0.3777198501095823,2
Wolverhampton Wanderers,Abdoulaye Meite,185.42,181.0,2013-11-29 00:00:00,2.0,3.0,Belgium,0.6902035534898794,0.9831567484097896,0.1094437645950546,0.6051746361928556,0.7243925267139155,0.5019845582597078,1.1070642350769826,0.9527680547123916,0.3777198501095823,2
Burnley,Abdoulaye Toure,187.96,170.0,2013-09-20 00:00:00,2.0,4.0,Belgium,0.6902035534898794,1.041286587621279,0.1094437645950546,0.6051746361928556,0.8373595767822407,0.6338927305868775,1.1070642350769826,0.9527680547123916,0.3777198501095823,2
Blackpool,Abdoulwahid Sissoko,182.88,165.0,2013-05-31 00:00:00,0.0,4.0,Belgium,0.3861254702730318,0.9831567484097896,0.1094437645950546,0.4639490867691766,0.7808760517480781,0.5679386444232926,0.4894828604807713,0.8730302070420397,0.3777198501095823,2
Swansea City,Abdourahman Dampha,182.88,168.0,2013-04-26 00:00:00,2.0,0.0,Belgium,0.3861254702730318,0.9831567484097896,0.1094437645950546,0.4639490867691766,0.7808760517480781,0.5679386444232926,0.4894828604807713,0.8730302070420397,0.3777198501095823,2
Queens Park Rangers,Abdul Aziz Tetteh,182.88,190.0,2013-04-19 00:00:00,0.0,0.0,Belgium,0.3861254702730318,0.9831567484097896,0.1094437645950546,0.4639490867691766,0.7808760517480781,0.5679386444232926,0.4894828604807713,0.8730302070420397,0.3777198501095823,2
Norwich City,Abdul Majeed Waris,172.72,157.0,2013-04-05 00:00:00,0.0,2.0,Belgium,0.3861254702730318,0.9831567484097896,0.1094437645950546,0.3227235373454976,0.7808760517480781,0.5679386444232926,0.4894828604807713,0.8730302070420397,0.3777198501095823,2
Southampton,Abdul Osman,182.88,154.0,2013-03-22 00:00:00,3.0,3.0,Belgium,0.3861254702730318,0.9831567484097896,0.3200216416177568,0.2521107626336581,0.7808760517480781,0.5679386444232926,0.4894828604807713,0.8730302070420397,0.3777198501095823,2
Reading,Abdul Rahman Baba,177.8,154.0,2013-03-08 00:00:00,1.0,2.0,Belgium,0.3861254702730318,0.9831567484097896,0.3200216416177568,0.2521107626336581,0.7808760517480781,0.5679386444232926,0.4894828604807713,0.8730302070420397,0.3777198501095823,2
Crystal Palace,Abdul-Yakinu Iddi,172.72,146.0,2013-02-15 00:00:00,1.0,5.0,Belgium,0.3861254702730318,0.9831567484097896,0.3200216416177568,0.2521107626336581,0.7808760517480781,0.5679386444232926,0.4894828604807713,0.8730302070420397,0.3777198501095823,2
Cardiff City,Abdulkader Keita,182.88,172.0,2012-08-31 00:00:00,2.0,1.0,Belgium,-0.2220306961606631,0.4599881955063887,0.3200216416177568,-0.1009531109255394,0.4419749015431023,0.2381682136053685,0.6438782041298241,0.9527680547123916,0.3777198501095823,2
Leicester City,Abdulla Fatadi,175.26,172.0,2012-02-22 00:00:00,2.0,5.0,Belgium,0.2340864286646081,0.5762478739293667,0.5832439878961346,0.0402724384981395,0.3854913765089398,0.2381682136053685,0.6438782041298241,0.5540788163606319,1.0628974585631257,2
Bournemouth,Abdullah Al Hafith,187.96,165.0,2011-08-30 00:00:00,2.0,1.0,Belgium,0.2340864286646081,0.5762478739293667,0.5832439878961346,0.0402724384981395,0.3854913765089398,0.2381682136053685,0.6438782041298241,0.5540788163606319,0.4538506954933093,2
Watford,Abdullah Omar,175.26,157.0,2011-02-22 00:00:00,1.0,3.0,Belgium,0.6902035534898794,0.8087672307753228,1.0043997419415391,0.1814979879218186,0.4419749015431023,0.6998468167504622,0.0262968295336127,0.5540788163606319,0.0731964685746742,2
AJ Auxerre,Abdullahi Shehu,180.34,159.0,2010-08-30 00:00:00,0.0,2.0,Belgium,0.6902035534898794,0.8087672307753228,1.0043997419415391,0.1814979879218186,0.4419749015431023,0.6998468167504622,0.0262968295336127,0.5540788163606319,0.0731964685746742,2
FC Nantes,Abel Aguilar,185.42,176.0,2010-02-22 00:00:00,0.0,1.0,Belgium,-0.5261087793775107,0.8087672307753228,1.0043997419415391,0.0402724384981395,0.4419749015431023,0.3041222997689533,0.257889845007192,0.7135545117013358,0.1493273139584012,2
Girondins de Bordeaux,Abel Gomez,182.88,165.0,2009-08-30 00:00:00,1.0,3.0,Belgium,-0.5261087793775107,0.8087672307753228,1.0043997419415391,0.0402724384981395,0.4419749015431023,0.3041222997689533,0.257889845007192,0.7135545117013358,0.1493273139584012,2
SM Caen,Abel Hernandez,185.42,161.0,2009-02-22 00:00:00,0.0,3.0,Belgium,-0.5261087793775107,0.4599881955063887,1.0043997419415391,-0.6658553086202555,0.3290078514747771,-0.6192349065212341,-0.2052961859399665,0.314865273349576,0.1493273139584012,1
Le Havre AC,Abel Issa Camara,185.42,179.0,2007-02-22 00:00:00,4.0,1.0,Belgium,-0.5261087793775107,0.4599881955063887,1.0043997419415391,-0.6658553086202555,0.3290078514747771,-0.6192349065212341,-0.2052961859399665,0.314865273349576,0.1493273139584012,1
OGC Nice,Abel Khaled,180.34,148.0,2016-04-21 00:00:00,0.0,1.0,Belgium,-0.6781478209859344,0.1112091602374547,-1.5225347823308877,0.1814979879218186,-0.1793438738326864,-0.0916022172125556,-2.251034489289917,-2.2766147759368622,-1.3732895937161391,2
Le Mans FC,Abel Tamata,182.88,170.0,2015-10-16 00:00:00,1.0,2.0,Belgium,-0.6781478209859344,0.1112091602374547,-1.5225347823308877,0.1814979879218186,-0.1793438738326864,-0.0916022172125556,-2.251034489289917,-2.2766147759368622,-1.3732895937161391,2
FC Lorient,Abel,177.8,165.0,2015-10-02 00:00:00,1.0,1.0,Belgium,-0.6781478209859344,0.1112091602374547,-1.5225347823308877,0.1814979879218186,-0.1793438738326864,-0.0916022172125556,-2.251034489289917,-2.2766147759368622,-1.3732895937161391,2
Olympique Lyonnais,Abella Perez Damia,187.96,174.0,2015-09-21 00:00:00,1.0,1.0,Belgium,-0.6781478209859344,0.1112091602374547,-1.5225347823308877,0.1814979879218186,-0.1793438738326864,-0.0916022172125556,-2.251034489289917,-2.2766147759368622,-1.3732895937161391,2
Toulouse FC,Abiola Dauda,180.34,165.0,2015-07-03 00:00:00,1.0,2.0,Belgium,-0.982225904202782,0.0530793210259657,-1.575179251586563,0.1108852132099791,-0.235827398866849,-0.1575563033761404,-2.251034489289917,-2.2367458521016865,-0.6119811398788689,2
AS Monaco,Abou Diaby,193.04,168.0,2015-06-12 00:00:00,3.0,0.0,Belgium,-0.982225904202782,0.0530793210259657,-1.575179251586563,0.1108852132099791,-0.235827398866849,-0.1575563033761404,-2.251034489289917,-2.2367458521016865,-0.6119811398788689,2
Paris Saint-Germain,Aboubacar Tandia,193.04,185.0,2015-01-16 00:00:00,1.0,2.0,Belgium,-0.982225904202782,0.0530793210259657,-1.575179251586563,0.1108852132099791,-0.235827398866849,-0.1575563033761404,-2.251034489289917,-2.2367458521016865,-0.6119811398788689,2
AS Nancy-Lorraine,Aboubakar Kamara,177.8,168.0,2014-11-14 00:00:00,2.0,1.0,Belgium,-0.982225904202782,0.0530793210259657,-1.575179251586563,0.1108852132099791,-0.235827398866849,-0.1575563033761404,-2.251034489289917,-2.2367458521016865,-0.6119811398788689,2
LOSC Lille,Aboubakar Oumarou,182.88,168.0,2014-09-18 00:00:00,0.0,2.0,Belgium,-0.982225904202782,0.0530793210259657,-1.575179251586563,0.1108852132099791,-0.235827398866849,-0.1575563033761404,-2.251034489289917,-2.2367458521016865,-0.6119811398788689,2
Stade Rennais FC,Abraham Gonzalez,177.8,176.0,2014-06-06 00:00:00,1.0,2.0,Belgium,-0.982225904202782,0.1112091602374547,-1.5225347823308877,0.1814979879218186,-0.1793438738326864,-0.0916022172125556,-1.363261263307863,-1.5988430707388708,-2.134598047553409,2
Olympique de Marseille,Abraham Guie Gneki,180.34,154.0,2014-04-11 00:00:00,2.0,2.0,Belgium,-0.982225904202782,0.1112091602374547,-1.5225347823308877,0.1814979879218186,-0.1793438738326864,-0.0916022172125556,-1.363261263307863,-1.5988430707388708,-2.134598047553409,2
FC Sochaux-Montbéliard,Abraham Kudemor,182.88,179.0,2013-09-20 00:00:00,0.0,2.0,Belgium,-0.982225904202782,0.1112091602374547,-1.5225347823308877,0.1814979879218186,-0.1793438738326864,-0.0916022172125556,-1.363261263307863,-1.5988430707388708,-2.134598047553409,2
Grenoble Foot 38,Abraham Minero,175.26,157.0,2013-05-10 00:00:00,3.0,4.0,Belgium,-0.8301868625943581,0.1112091602374547,-1.5225347823308877,0.1814979879218186,-0.1793438738326864,-0.0916022172125556,-1.363261263307863,-1.040678137046407,-1.449420439099866,2
Valenciennes FC,Abraham Paz Cruz,177.8,165.0,2013-02-15 00:00:00,2.0,2.0,Belgium,-0.5261087793775107,0.1112091602374547,-1.5225347823308877,0.1814979879218186,-0.1793438738326864,-0.0916022172125556,-1.363261263307863,-1.040678137046407,-1.449420439099866,2
AS Saint-Étienne,Achille Coser,185.42,174.0,2012-08-31 00:00:00,1.0,5.0,Belgium,-0.5261087793775107,0.1112091602374547,-1.5225347823308877,0.1814979879218186,-0.1793438738326864,-0.0916022172125556,-1.363261263307863,-0.8812024417057033,-1.449420439099866,2
RC Lens,Achille Emana,180.34,170.0,2012-02-22 00:00:00,0.0,0.0,Belgium,-0.5261087793775107,0.1112091602374547,-1.5225347823308877,0.1814979879218186,-0.1793438738326864,-0.0916022172125556,-0.9772729041852308,-0.5622510510242954,-1.3732895937161391,2
Montpellier Hérault SC,Achille Vaarnold,175.26,157.0,2011-08-30 00:00:00,0.0,2.0,Belgium,-0.5261087793775107,0.1112091602374547,-1.5225347823308877,0.1814979879218186,-0.1793438738326864,-0.0916022172125556,-0.9772729041852308,-0.5622510510242954,-1.3732895937161391,2
US Boulogne Cote D'Opale,Achmed Ahahaoui,177.8,152.0,2010-02-22 00:00:00,1.0,4.0,Belgium,-0.5261087793775107,0.1112091602374547,-1.5225347823308877,0.1814979879218186,-0.1793438738326864,-0.0916022172125556,-0.9772729041852308,-0.5622510510242954,-1.3732895937161391,2
AC Arles-Avignon,Achraf Lazaar,182.88,168.0,2009-08-30 00:00:00,1.0,2.0,Belgium,0.6902035534898794,0.2274688386604327,-0.3643564587060254,0.6051746361928556,-0.0098932987301985,0.4360304720961229,0.5666805323052977,0.5540788163606319,0.3777198501095823,2
Stade Brestois 29,Aco Stojkov,177.8,165.0,2009-02-22 00:00:00,2.0,1.0,Belgium,1.2983597199235744,0.2855986778719218,-0.3117119894503498,0.6757874109046952,0.046590226303964,0.5019845582597078,0.6438782041298241,0.8730302070420397,0.7583740770282174,2
AC Ajaccio,Adailton,190.5,187.0,2008-08-30 00:00:00,2.0,1.0,Belgium,1.2983597199235744,0.2855986778719218,-0.3117119894503498,-0.1715658856373789,-0.4052779739693369,0.3700763859325381,0.6438782041298241,0.8730302070420397,0.7583740770282174,2
Évian Thonon Gaillard FC,Adailton,175.26,161.0,2007-08-30 00:00:00,2.0,3.0,Belgium,0.6902035534898794,0.1693389994489437,0.0041548260837035,-0.1715658856373789,-0.4052779739693369,0.1722141274417836,0.4122851886562448,0.394603121019928,0.6061123862607634,2
Dijon FCO,Adalberto Penaranda,182.88,172.0,2007-02-22 00:00:00,0.0,3.0,Belgium,0.6902035534898794,0.1693389994489437,0.0041548260837035,-0.1715658856373789,-0.4052779739693369,0.1722141274417836,0.4122851886562448,0.394603121019928,0.6061123862607634,2
Stade de Reims,Adam Armstrong,172.72,152.0,2015-12-24 00:00:00,1.0,2.0,Belgium,-0.5261087793775107,-0.5282190710889242,-0.8381566820071054,0.1814979879218186,-0.68769559914015,-0.3554185618668949,-2.251034489289917,-2.2766147759368622,-0.5358502944951419,2
SC Bastia,Adam Banas,185.42,174.0,2015-09-21 00:00:00,1.0,1.0,Belgium,-0.5261087793775107,-0.5282190710889242,-0.8381566820071054,0.1814979879218186,-0.68769559914015,-0.3554185618668949,-2.251034489289917,-2.2766147759368622,-0.5358502944951419,2
ES Troyes AC,Adam Bodzek,182.88,174.0,2015-05-08 00:00:00,2.0,1.0,Belgium,-0.6781478209859344,-0.5863489103004131,-0.8908011512627809,0.1108852132099791,-0.7441791241743126,-0.4213726480304797,-2.251034489289917,-2.2766147759368622,-0.5358502944951419,2
En Avant de Guingamp,Adam Bogdan,193.04,198.0,2015-04-10 00:00:00,1.0,3.0,Belgium,-0.6781478209859344,-0.5863489103004131,-0.8908011512627809,0.1108852132099791,-0.7441791241743126,-0.4213726480304797,-2.251034489289917,-2.2766147759368622,-0.5358502944951419,2
FC Metz,Adam Brown,177.8,141.0,2015-03-20 00:00:00,2.0,1.0,Belgium,-0.5261087793775107,-0.5863489103004131,-0.8908011512627809,0.1108852132099791,-0.7441791241743126,-0.4213726480304797,-2.251034489289917,-2.2766147759368622,-0.5358502944951419,2
Angers SCO,Adam Buksa,190.5,172.0,2014-09-18 00:00:00,1.0,0.0,Belgium,-0.2220306961606631,-0.5863489103004131,-0.8908011512627809,0.1108852132099791,-0.7441791241743126,-0.4213726480304797,-2.251034489289917,-2.2766147759368622,-0.3835886037276878,2
GFC Ajaccio,Adam Campbell,170.18,161.0,2014-01-31 00:00:00,0.0,2.0,Belgium,-0.2220306961606631,-0.5863489103004131,-0.8908011512627809,0.1108852132099791,-0.7441791241743126,-0.4213726480304797,-2.251034489289917,-1.5988430707388708,-0.3835886037276878,2
FC Bayern Munich,Adam Collin,190.5,172.0,2014-01-17 00:00:00,1.0,3.0,Belgium,-0.2220306961606631,-0.5863489103004131,-0.8908011512627809,0.1108852132099791,-0.7441791241743126,-0.4213726480304797,-2.251034489289917,-1.5988430707388708,-0.3835886037276878,2
Hamburger SV,Adam Cummins,187.96,172.0,2013-09-20 00:00:00,1.0,2.0,Belgium,-0.0699916545522394,-0.5863489103004131,-0.8908011512627809,0.3227235373454976,-0.7441791241743126,-0.4213726480304797,-2.251034489289917,-1.200153832387111,-0.3835886037276878,2
Bayer 04 Leverkusen,Adam Danch,182.88,179.0,2013-05-10 00:00:00,2.0,2.0,Belgium,-0.0699916545522394,-0.5863489103004131,-0.8908011512627809,0.3227235373454976,-0.7441791241743126,-0.4213726480304797,-1.440458935132389,-1.200153832387111,-0.3835886037276878,2
Borussia Dortmund,Adam Deja,185.42,181.0,2013-04-26 00:00:00,1.0,0.0,Belgium,0.0820473870561843,-0.5863489103004131,-0.8908011512627809,0.6051746361928556,-0.6312120741059873,-0.2894644757033101,-1.440458935132389,-1.200153832387111,-0.3835886037276878,2
FC Schalke 04,Adam Drury,180.34,161.0,2013-03-22 00:00:00,1.0,0.0,Belgium,0.0820473870561843,-0.5863489103004131,-0.8908011512627809,0.6051746361928556,-0.6312120741059873,-0.2894644757033101,-1.440458935132389,-1.200153832387111,-0.3835886037276878,2
Hannover 96,Adam Drury,177.8,152.0,2013-03-08 00:00:00,0.0,2.0,Belgium,0.0820473870561843,-0.5863489103004131,-0.8908011512627809,0.6051746361928556,-0.6312120741059873,-0.2894644757033101,-1.440458935132389,-1.200153832387111,-0.3835886037276878,2
VfL Wolfsburg,Adam Duda,187.96,170.0,2013-02-15 00:00:00,2.0,2.0,Belgium,0.0820473870561843,-0.5863489103004131,-0.8908011512627809,0.6051746361928556,-0.6312120741059873,-0.2894644757033101,-1.440458935132389,-1.200153832387111,-0.3835886037276878,2
1. FC Köln,Adam Dzwigala,185.42,176.0,2012-08-31 00:00:00,0.0,3.0,Belgium,0.0820473870561843,-0.5863489103004131,-0.8908011512627809,0.2521107626336581,-0.3487944489351743,-0.0916022172125556,-1.0544705760097572,-1.1204159847167592,-0.3835886037276878,2
Eintracht Frankfurt,Adam Federici,187.96,198.0,2012-02-22 00:00:00,1.0,3.0,Belgium,0.2340864286646081,-0.5863489103004131,-0.8908011512627809,0.2521107626336581,-0.3487944489351743,-0.0916022172125556,-1.20886591965881,-1.1204159847167592,-0.3835886037276878,2
Hertha BSC Berlin,Adam Fraczczak,182.88,168.0,2011-08-30 00:00:00,0.0,1.0,Belgium,0.3861254702730318,-0.5863489103004131,-0.8908011512627809,0.2521107626336581,-0.3487944489351743,-0.0256481310489707,-1.1316682478342837,-1.040678137046407,-0.3835886037276878,2
DSC Arminia Bielefeld,Adam Gyurcso,180.34,132.0,2011-02-22 00:00:00,1.0,4.0,Belgium,1.1463206783151505,-0.5863489103004131,-0.8908011512627809,0.2521107626336581,-0.4617614990034995,-0.0916022172125556,0.1806921731826655,0.2351274256792241,0.4538506954933093,2
SV Werder Bremen,Adam Hammill,177.8,163.0,2010-08-30 00:00:00,1.0,3.0,Belgium,1.1463206783151505,-0.5863489103004131,-0.8908011512627809,0.2521107626336581,-0.3487944489351743,-0.0256481310489707,0.257889845007192,0.314865273349576,0.7583740770282174,2
FC Energie Cottbus,Adam Henley,177.8,170.0,2010-02-22 00:00:00,1.0,2.0,Belgium,1.1463206783151505,-0.5863489103004131,0.3726661108734324,0.2521107626336581,-0.3487944489351743,0.1722141274417836,0.5666805323052977,0.7135545117013358,0.8345049224119444,2
TSG 1899 Hoffenheim,Adam Hlousek,187.96,168.0,2009-08-30 00:00:00,1.0,1.0,Belgium,1.1463206783151505,-0.5863489103004131,0.3726661108734324,0.2521107626336581,-0.3487944489351743,0.1722141274417836,0.5666805323052977,0.7135545117013358,0.8345049224119444,2
Borussia Mönchengladbach,Adam Johnson,175.26,139.0,2009-02-22 00:00:00,3.0,1.0,Belgium,1.1463206783151505,-0.5863489103004131,0.3726661108734324,0.0402724384981395,-0.3487944489351743,0.1722141274417836,0.1806921731826655,0.394603121019928,0.8345049224119444,2
VfB Stuttgart,Adam King,180.34,165.0,2008-08-30 00:00:00,2.0,1.0,Belgium,0.6902035534898794,-0.5863489103004131,0.3726661108734324,-0.595242533908416,0.2160408014064519,-0.0916022172125556,0.1806921731826655,0.394603121019928,0.8345049224119444,2
Karlsruher SC,Adam Kokoszka,187.96,181.0,2007-08-30 00:00:00,1.0,1.0,Belgium,0.6902035534898794,-0.5863489103004131,0.3726661108734324,-0.595242533908416,0.2160408014064519,-0.0916022172125556,0.1806921731826655,0.394603121019928,0.8345049224119444,2
VfL Bochum,Adam Lallana,172.72,161.0,2007-02-22 00:00:00,5.0,2.0,Belgium,0.2340864286646081,-0.5863489103004131,0.3726661108734324,-0.595242533908416,0.2160408014064519,-0.0916022172125556,0.6438782041298241,0.394603121019928,0.8345049224119444,2
SC Freiburg,Adam Le Fondre,175.26,161.0,2016-04-28 00:00:00,2.0,0.0,Belgium,0.5381645118814556,1.2738059444672347,1.1623331497085656,1.1700768338875718,1.0632936769188912,1.0296172475683862,0.5666805323052977,0.0756517303385201,0.6061123862607634,2
1. FC Nürnberg,Adam Maher,175.26,143.0,2016-02-25 00:00:00,1.0,1.0,Belgium,0.5381645118814556,1.2738059444672347,1.1623331497085656,1.1700768338875718,1.0632936769188912,1.0296172475683862,0.5666805323052977,0.0756517303385201,0.6061123862607634,2
1. FSV Mainz 05,Adam Marciniak,182.88,181.0,2015-09-25 00:00:00,0.0,3.0,Belgium,0.5381645118814556,1.2738059444672347,1.1623331497085656,1.1700768338875718,1.0632936769188912,1.0296172475683862,0.5666805323052977,0.0756517303385201,0.6061123862607634,2
1. FC Kaiserslautern,Adam Marusic,177.8,179.0,2015-09-21 00:00:00,1.0,3.0,Belgium,0.5381645118814556,1.2738059444672347,1.1623331497085656,1.1700768338875718,1.0632936769188912,1.0296172475683862,0.5666805323052977,0.0756517303385201,0.6061123862607634,2
FC St. Pauli,Adam Masina,187.96,172.0,2015-09-04 00:00:00,1.0,2.0,Belgium,0.5381645118814556,1.2738059444672347,1.1623331497085656,1.2406896085994112,1.0632936769188912,0.9636631614048016,0.7210758759543505,0.7932923593716877,0.7583740770282174,2
FC Augsburg,Adam Matthews,177.8,157.0,2015-04-10 00:00:00,2.0,0.0,Belgium,0.6902035534898794,1.2738059444672347,1.1623331497085656,1.2406896085994112,1.0632936769188912,0.9636631614048016,0.7210758759543505,0.7932923593716877,0.7583740770282174,2
Fortuna Düsseldorf,Adam Matuschyk,180.34,165.0,2015-01-16 00:00:00,2.0,0.0,Belgium,0.6902035534898794,1.2738059444672347,1.1623331497085656,1.2406896085994112,1.0632936769188912,0.9636631614048016,0.7210758759543505,0.7932923593716877,0.7583740770282174,2
SpVgg Greuther Fürth,Adam Mojta,177.8,154.0,2014-09-18 00:00:00,2.0,3.0,Belgium,0.6902035534898794,1.2738059444672347,1.1623331497085656,1.2406896085994112,1.0632936769188912,0.9636631614048016,0.7210758759543505,0.7932923593716877,0.7583740770282174,2
Eintracht Braunschweig,Adam Morgan,177.8,157.0,2014-04-18 00:00:00,2.0,1.0,Belgium,0.9942816367067268,1.2738059444672347,1.1623331497085656,1.2406896085994112,1.0632936769188912,0.9636631614048016,0.7210758759543505,0.7932923593716877,0.9106357677956716,2
SC Paderborn 07,Adam Nemec,190.5,198.0,2014-02-28 00:00:00,2.0,2.0,Belgium,1.1463206783151505,1.2738059444672347,1.2149776189642412,1.2406896085994112,1.1762607269872165,0.9636631614048016,0.7210758759543505,0.7932923593716877,0.9106357677956716,2
FC Ingolstadt 04,Adam Ounas,172.72,141.0,2014-02-14 00:00:00,0.0,1.0,Belgium,1.1463206783151505,1.2738059444672347,1.2676220882199167,1.2406896085994112,1.1762607269872165,0.9636631614048016,0.7210758759543505,0.7932923593716877,0.9106357677956716,2
SV Darmstadt 98,Adam Pazio,182.88,159.0,2013-10-18 00:00:00,5.0,1.0,Belgium,1.1463206783151505,1.2738059444672347,1.2676220882199167,1.2406896085994112,1.1762607269872165,0.9636631614048016,0.7210758759543505,0.7932923593716877,0.9106357677956716,2
Atalanta,Adam Pinter,190.5,185.0,2013-09-20 00:00:00,0.0,2.0,Belgium,1.1463206783151505,1.2738059444672347,1.2676220882199167,1.2406896085994112,1.1762607269872165,0.9636631614048016,0.7210758759543505,0.7932923593716877,0.9106357677956716,2
Siena,Adam Rooney,177.8,172.0,2013-05-10 00:00:00,2.0,2.0,Belgium,1.1463206783151505,1.2738059444672347,1.10968868045289,1.2406896085994112,1.119777201953054,0.9636631614048016,0.7210758759543505,0.47434096869028,0.9106357677956716,2
Cagliari,Adam Ryczkowski,177.8,157.0,2013-04-19 00:00:00,1.0,0.0,Belgium,1.1463206783151505,1.2738059444672347,1.10968868045289,1.2406896085994112,1.119777201953054,0.9636631614048016,0.7210758759543505,0.47434096869028,0.9106357677956716,2
Lazio,Adam Sarota,182.88,161.0,2013-03-22 00:00:00,2.0,0.0,Belgium,1.1463206783151505,1.2738059444672347,1.10968868045289,1.2406896085994112,1.119777201953054,0.9636631614048016,0.7210758759543505,0.5540788163606319,0.8345049224119444,2
Catania,Adam Smith,180.34,179.0,2013-02-15 00:00:00,1.0,1.0,Belgium,1.1463206783151505,1.2738059444672347,1.10968868045289,1.2406896085994112,1.119777201953054,0.9636631614048016,0.7210758759543505,0.5540788163606319,0.8345049224119444,2
Genoa,Adam Szalai,193.04,201.0,2012-08-31 00:00:00,3.0,3.0,Belgium,0.6902035534898794,1.1575462660442566,1.0043997419415391,0.8876257350402137,1.119777201953054,0.8317549890776319,0.7210758759543505,0.7135545117013358,0.0731964685746742,2
Chievo Verona,Adam Taggart,182.88,152.0,2012-02-22 00:00:00,0.0,1.0,Belgium,0.6902035534898794,1.1575462660442566,1.0043997419415391,0.8876257350402137,1.119777201953054,0.8317549890776319,0.7210758759543505,0.7135545117013358,0.0731964685746742,2
Reggio Calabria,Adam Vass,180.34,165.0,2011-08-30 00:00:00,1.0,2.0,Belgium,0.6902035534898794,1.1575462660442566,1.0043997419415391,0.8876257350402137,1.119777201953054,0.765800902914047,0.7210758759543505,0.7135545117013358,0.3777198501095823,2
Fiorentina,Adam Waszkiewicz,182.88,174.0,2011-02-22 00:00:00,1.0,1.0,Belgium,1.4503987615319982,1.1575462660442566,1.2676220882199167,1.0288512844638926,1.119777201953054,0.8977090752412167,1.1070642350769826,1.0325059023827436,0.5299815408770363,2
Juventus,Adama Ba,177.8,150.0,2010-08-30 00:00:00,0.0,4.0,Belgium,1.4503987615319982,1.2156761052557457,1.4255554959869434,1.1700768338875718,1.2327442520213792,1.0296172475683862,1.1070642350769826,1.0325059023827436,0.5299815408770363,2
Milan,Adama Coulibaly,185.42,183.0,2010-02-22 00:00:00,0.0,0.0,Belgium,1.4503987615319982,1.1575462660442566,1.4255554959869434,1.0994640591757323,1.2892277770555416,1.161525419895556,1.1070642350769826,1.0325059023827436,0.5299815408770363,2
Bologna,Adama Francois,193.04,176.0,2009-08-30 00:00:00,1.0,1.0,Belgium,1.2983597199235744,0.4599881955063887,1.4255554959869434,0.9582385097520532,1.1762607269872165,1.0296172475683862,0.7210758759543505,0.47434096869028,0.1493273139584012,2
Roma,Adama Soumaoro,187.96,205.0,2008-08-30 00:00:00,2.0,4.0,Belgium,1.906515886357269,0.4599881955063887,1.5308444344982943,0.9582385097520532,1.1762607269872165,1.0296172475683862,0.7210758759543505,0.47434096869028,0.1493273139584012,2
Napoli,Adama Traore,170.18,161.0,2007-08-30 00:00:00,2.0,3.0,Belgium,1.906515886357269,0.4599881955063887,1.5308444344982943,0.9582385097520532,0.8373595767822407,1.0296172475683862,0.7210758759543505,0.47434096869028,0.1493273139584012,2
Sampdoria,Adama Traore,177.8,159.0,2007-02-22 00:00:00,6.0,0.0,Belgium,0.9942816367067268,-0.5282190710889242,1.0043997419415391,0.5345618614810161,1.0068101518847286,0.8317549890776319,0.7210758759543505,0.47434096869028,-0.0790652221927797,2
Inter,Adamo Coulibaly,187.96,172.0,2016-04-21 00:00:00,1.0,1.0,Belgium,0.0820473870561843,-0.4119593926659461,-0.9434456205184564,0.1108852132099791,-0.2923109239010116,-0.0256481310489707,0.1034945013581391,-0.0838239650021837,0.0731964685746742,1
Torino,Adel Taarabt,180.34,172.0,2016-02-04 00:00:00,0.0,0.0,Belgium,0.2340864286646081,-0.4119593926659461,-0.9434456205184564,0.1108852132099791,-0.2923109239010116,-0.0256481310489707,0.1034945013581391,-0.0838239650021837,0.0731964685746742,1
Lecce,Adem Ljajic,182.88,163.0,2015-12-17 00:00:00,2.0,1.0,Belgium,0.3861254702730318,-0.4119593926659461,-0.9434456205184564,0.1108852132099791,-0.2923109239010116,-0.0256481310489707,0.1034945013581391,-0.0838239650021837,0.0731964685746742,1
Udinese,Aderlan Santos,193.04,183.0,2015-09-21 00:00:00,1.0,1.0,Belgium,0.3861254702730318,-0.4119593926659461,-0.9434456205184564,0.1108852132099791,-0.2923109239010116,-0.0256481310489707,0.1034945013581391,-0.0838239650021837,0.0731964685746742,1
Palermo,Aderlan,177.8,157.0,2014-10-02 00:00:00,3.0,1.0,Belgium,0.5381645118814556,-0.4700892318774352,-0.996090089774132,0.0402724384981395,-0.3487944489351743,-0.0916022172125556,0.3350875168317184,-0.0838239650021837,0.0731964685746742,1
Bari,Adil Auassar,187.96,187.0,2014-09-18 00:00:00,1.0,1.0,Belgium,0.5381645118814556,-0.4700892318774352,-0.996090089774132,0.0402724384981395,-0.3487944489351743,-0.0916022172125556,0.3350875168317184,-0.0838239650021837,0.0731964685746742,1
Livorno,Adil Chihi,182.88,172.0,2007-02-22 00:00:00,1.0,2.0,Belgium,0.5381645118814556,-0.4700892318774352,-0.996090089774132,0.0402724384981395,-0.3487944489351743,-0.0916022172125556,0.3350875168317184,-0.0838239650021837,0.0731964685746742,1
Parma,Adil Hermach,182.88,154.0,2015-10-16 00:00:00,0.0,3.0,Belgium,0.5381645118814556,1.3319357836787236,0.8464663341745123,0.9582385097520532,1.402194827123867,1.161525419895556,1.6474479378486675,1.6704086837455592,0.6061123862607634,2
Cesena,Adil Rami,190.5,194.0,2015-09-21 00:00:00,0.0,4.0,Belgium,0.5381645118814556,1.3319357836787236,0.8464663341745123,0.9582385097520532,1.402194827123867,1.161525419895556,1.724645609673194,1.6704086837455592,0.6061123862607634,2
Brescia,Adil Ramzi,177.8,163.0,2015-09-04 00:00:00,1.0,0.0,Belgium,0.6902035534898794,1.3319357836787236,0.7938218649188368,1.0288512844638926,1.3457113020897042,1.0955713337319712,1.879040953322247,1.6704086837455592,0.6061123862607634,2
Novara,Adilson,193.04,194.0,2015-06-05 00:00:00,1.0,2.0,Belgium,0.6902035534898794,1.3319357836787236,0.7938218649188368,1.0288512844638926,1.3457113020897042,1.0955713337319712,1.879040953322247,1.6704086837455592,0.6061123862607634,2
Pescara,Adis Jahovic,190.5,198.0,2015-02-06 00:00:00,0.0,3.0,Belgium,0.6902035534898794,1.3319357836787236,0.7938218649188368,1.0288512844638926,1.3457113020897042,1.0955713337319712,1.879040953322247,1.6704086837455592,0.6061123862607634,2
Hellas Verona,Adlene Guedioura,177.8,179.0,2015-01-09 00:00:00,0.0,4.0,Belgium,0.6902035534898794,1.3319357836787236,0.7938218649188368,1.0288512844638926,1.3457113020897042,1.0955713337319712,1.879040953322247,1.6704086837455592,0.6061123862607634,2
Sassuolo,Admir Aganovic,182.88,176.0,2014-09-18 00:00:00,1.0,1.0,Belgium,0.8422425950983031,1.3900656228902126,0.7938218649188368,1.1700768338875718,1.3457113020897042,1.0955713337319712,2.0334362969713,1.8298843790862631,0.6061123862607634,2
Empoli,Admir Mehmedi,182.88,176.0,2014-03-21 00:00:00,3.0,1.0,Belgium,0.9942816367067268,1.3900656228902126,0.7938218649188368,1.1700768338875718,1.3457113020897042,1.2274795060591408,2.0334362969713,1.8298843790862631,0.6061123862607634,2
Frosinone,Adnan Alisic,180.34,157.0,2014-02-28 00:00:00,1.0,0.0,Belgium,0.9942816367067268,1.3900656228902126,0.7938218649188368,1.1700768338875718,1.3457113020897042,1.2274795060591408,2.0334362969713,1.8298843790862631,0.6061123862607634,2
Carpi,Adnan Custovic,185.42,183.0,2014-02-07 00:00:00,0.0,2.0,Belgium,0.9942816367067268,1.3900656228902126,0.8991108034301879,1.1700768338875718,1.3457113020897042,1.2274795060591408,2.0334362969713,1.8298843790862631,0.6061123862607634,2
Vitesse,Adnan Januzaj,182.88,165.0,2013-11-01 00:00:00,3.0,2.0,Belgium,0.9942816367067268,1.4481954621017017,0.9517552726858636,1.1700768338875718,1.3457113020897042,1.2274795060591408,2.0334362969713,1.8298843790862631,0.6061123862607634,2
FC Groningen,Adnan Mravac,193.04,185.0,2013-09-20 00:00:00,3.0,4.0,Belgium,0.8422425950983031,1.4481954621017017,0.9517552726858636,1.1700768338875718,1.3457113020897042,1.2274795060591408,2.0334362969713,1.8298843790862631,0.6061123862607634,2
Roda JC Kerkrade,Adnane Tighadouini,177.8,159.0,2013-05-24 00:00:00,1.0,0.0,Belgium,0.9942816367067268,1.4481954621017017,0.9517552726858636,1.1700768338875718,1.3457113020897042,1.3593876783863104,2.0334362969713,1.8298843790862631,1.3674208400980334,2
FC Twente,Adrian Basta,180.34,172.0,2013-03-15 00:00:00,0.0,2.0,Belgium,1.2983597199235744,1.4481954621017017,0.9517552726858636,1.1700768338875718,1.3457113020897042,1.3593876783863104,2.0334362969713,1.8298843790862631,1.3674208400980334,2
Willem II,Adrian Blad,165.1,137.0,2013-02-15 00:00:00,0.0,2.0,Belgium,1.2983597199235744,1.4481954621017017,0.9517552726858636,1.1700768338875718,1.3457113020897042,1.3593876783863104,2.0334362969713,1.8298843790862631,1.2912899947143064,2
Ajax,Adrian Chomiuk,182.88,179.0,2012-08-31 00:00:00,0.0,0.0,Belgium,1.2983597199235744,1.3900656228902126,0.9517552726858636,1.0288512844638926,1.2892277770555416,1.3593876783863104,2.0334362969713,1.8298843790862631,1.2912899947143064,2
N.E.C.,Adrian Colunga,172.72,154.0,2012-02-22 00:00:00,1.0,2.0,Belgium,1.6024378031404218,1.3900656228902126,0.9517552726858636,1.0288512844638926,1.2892277770555416,1.6232040230406497,2.1878316406203524,2.148835769767671,1.4435516854817605,2
De Graafschap,Adrian Cristea,177.8,161.0,2011-08-30 00:00:00,0.0,2.0,Belgium,1.4503987615319982,1.3900656228902126,0.9517552726858636,1.0288512844638926,1.4586783521580295,1.6232040230406497,2.1878316406203524,2.148835769767671,1.4435516854817605,2
FC Utrecht,Adrian Daniel Calello,177.8,181.0,2011-02-22 00:00:00,0.0,2.0,Belgium,1.7544768447488457,1.3900656228902126,0.9517552726858636,1.0288512844638926,1.7410959773288426,1.6232040230406497,1.879040953322247,1.989360074426967,1.4435516854817605,2
PSV,Adrian Embarba,172.72,146.0,2010-08-30 00:00:00,0.0,0.0,Belgium,1.7544768447488457,1.3900656228902126,0.9517552726858636,1.0288512844638926,1.7410959773288426,1.6232040230406497,1.879040953322247,1.989360074426967,1.4435516854817605,2
Heracles Almelo,Adrian Gonzalez,182.88,168.0,2010-02-22 00:00:00,0.0,1.0,Belgium,2.058554927965693,1.5644551405246796,1.0570442111972145,1.0288512844638926,1.7410959773288426,1.6232040230406497,1.9562386251467727,2.069097922097319,1.5196825308654875,2
Feyenoord,Adrian Gunino,167.64,141.0,2009-08-30 00:00:00,4.0,1.0,Belgium,2.058554927965693,1.0994164268327675,0.6358884571518102,0.3227235373454976,1.6281289272605175,1.161525419895556,2.0334362969713,2.069097922097319,1.2912899947143064,2
Sparta Rotterdam,Adrian Klepczynski,187.96,165.0,2009-02-22 00:00:00,0.0,0.0,Belgium,2.058554927965693,0.9250269091983008,0.6358884571518102,0.3227235373454976,1.6281289272605175,1.161525419895556,2.110633968795826,2.148835769767671,1.2912899947143064,2
ADO Den Haag,Adrian Lopez,182.88,161.0,2008-08-30 00:00:00,0.0,1.0,Belgium,2.058554927965693,1.0994164268327675,0.6358884571518102,0.5345618614810161,1.9105465524313303,1.161525419895556,2.110633968795826,2.148835769767671,1.2912899947143064,2
FC Volendam,Adrian Mariappa,177.8,179.0,2007-08-30 00:00:00,2.0,1.0,Belgium,2.058554927965693,1.3319357836787236,0.7411773956631612,1.0288512844638926,1.9670300774654927,1.0955713337319712,2.1878316406203524,1.9096222267566152,1.4435516854817605,2
SC Heerenveen,Adrian Marin,180.34,161.0,2007-02-22 00:00:00,3.0,2.0,Belgium,2.5146720527909645,0.9250269091983008,0.5832439878961346,0.4639490867691766,1.5151618771921922,1.2934335922227256,1.9562386251467727,1.7501465314159113,1.2912899947143064,2
AZ,Adrian Mrowiec,190.5,185.0,2016-02-25 00:00:00,0.0,1.0,Belgium,-2.654655361895444,-2.50463360427955,-1.8384015978649408,-1.9721916407892863,-2.099783724994216,-1.6745002851385913,-2.251034489289917,-2.2766147759368622,-2.172663470245273,1
NAC Breda,Adrian Mutu,182.88,168.0,2016-01-28 00:00:00,0.0,1.0,Belgium,-2.50261632028702,-2.50463360427955,-1.8384015978649408,-1.9721916407892863,-2.099783724994216,-1.6745002851385913,-2.251034489289917,-2.2766147759368622,-2.172663470245273,1
RKC Waalwijk,Adrian Nikci,182.88,168.0,2014-12-27 00:00:00,2.0,0.0,Belgium,-2.50261632028702,-2.50463360427955,-1.8384015978649408,-1.9721916407892863,-2.099783724994216,-1.6745002851385913,-2.251034489289917,-2.2766147759368622,-2.172663470245273,1
VVV-Venlo,Adrian Paluchowski,180.34,165.0,2014-10-31 00:00:00,1.0,3.0,Belgium,-2.50261632028702,-2.50463360427955,-1.8384015978649408,-1.9721916407892863,-2.099783724994216,-1.6745002851385913,-2.251034489289917,-2.2766147759368622,-2.172663470245273,1
Excelsior,Adrian Rakowski,180.34,154.0,2014-10-10 00:00:00,0.0,1.0,Belgium,-2.50261632028702,-2.50463360427955,-1.8384015978649408,-1.9721916407892863,-2.099783724994216,-1.6745002851385913,-2.251034489289917,-2.2766147759368622,-2.172663470245273,1
PEC Zwolle,Adrian Ramos,185.42,165.0,2014-03-21 00:00:00,1.0,0.0,Belgium,-2.50261632028702,-2.50463360427955,-1.8384015978649408,-1.9721916407892863,-2.099783724994216,-1.6745002851385913,-2.251034489289917,-2.2766147759368622,-2.172663470245273,1
SC Cambuur,Adrian Ricardo Centurion,175.26,143.0,2007-02-22 00:00:00,0.0,3.0,Belgium,-2.50261632028702,-2.50463360427955,-1.8384015978649408,-1.9721916407892863,-2.099783724994216,-1.6745002851385913,-2.251034489289917,-2.2766147759368622,-2.172663470245273,1
Go Ahead Eagles,Adrian Ricchiuti,167.64,159.0,2015-12-03 00:00:00,0.0,2.0,Belgium,-0.6781478209859344,0.4599881955063887,-0.4170009279617009,0.5345618614810161,0.6114254766455902,0.6998468167504622,0.5666805323052977,0.7135545117013358,0.8345049224119444,2
FC Dordrecht,Adrian Sardinero Corpa,180.34,172.0,2015-11-26 00:00:00,0.0,0.0,Belgium,-0.6781478209859344,0.4599881955063887,-0.4170009279617009,0.5345618614810161,0.6114254766455902,0.6998468167504622,0.5666805323052977,0.7135545117013358,0.8345049224119444,2
Wisła Kraków,Adrian Stoian,177.8,146.0,2015-10-30 00:00:00,2.0,3.0,Belgium,-0.6781478209859344,0.4599881955063887,-0.4170009279617009,0.5345618614810161,0.6114254766455902,0.6998468167504622,0.5666805323052977,0.7135545117013358,0.8345049224119444,2
Polonia Bytom,Adrian Winter,177.8,165.0,2015-09-21 00:00:00,1.0,2.0,Belgium,-0.5261087793775107,0.4599881955063887,-0.4170009279617009,0.5345618614810161,0.6114254766455902,0.6998468167504622,0.5666805323052977,0.7135545117013358,0.8345049224119444,2
Polonia Bytom,Adrian,187.96,170.0,2014-09-18 00:00:00,1.0,3.0,Belgium,-0.8301868625943581,0.4018583562948997,-0.4696453972173764,0.4639490867691766,0.5549419516114276,0.6338927305868775,0.7210758759543505,0.5540788163606319,0.8345049224119444,2
Ruch Chorzów,Adriano De Pierro,185.42,170.0,2014-04-18 00:00:00,1.0,1.0,Belgium,-0.6781478209859344,0.5762478739293667,-0.4696453972173764,0.6051746361928556,0.5549419516114276,0.6338927305868775,0.7210758759543505,0.5540788163606319,0.7583740770282174,2
Legia Warszawa,Adriano Facchini,187.96,172.0,2014-04-11 00:00:00,1.0,0.0,Belgium,-0.6781478209859344,0.5762478739293667,-0.4696453972173764,0.6051746361928556,0.5549419516114276,0.6338927305868775,0.7210758759543505,0.5540788163606319,0.7583740770282174,2
P. Warszawa,Adriano Ferreira Pinto,177.8,179.0,2014-01-03 00:00:00,1.0,1.0,Belgium,-0.6781478209859344,0.5762478739293667,-0.4696453972173764,0.6051746361928556,0.5549419516114276,0.6338927305868775,0.7210758759543505,0.5540788163606319,0.7583740770282174,2
Śląsk Wrocław,Adriano Jose de Lara,185.42,190.0,2013-11-29 00:00:00,4.0,1.0,Belgium,-0.6781478209859344,0.5762478739293667,-0.4696453972173764,0.6051746361928556,0.5549419516114276,0.6338927305868775,0.7210758759543505,0.7932923593716877,0.9867666131793984,2
Lechia Gdańsk,Adriano Pereira da Silva,180.34,165.0,2013-09-20 00:00:00,1.0,3.0,Belgium,-0.5261087793775107,0.5762478739293667,-0.4696453972173764,0.6051746361928556,0.5549419516114276,0.6338927305868775,0.7210758759543505,0.7932923593716877,0.9106357677956716,2
Widzew Łódź,Adriano Russo,185.42,159.0,2013-05-31 00:00:00,0.0,1.0,Belgium,-0.3740697377690869,0.5762478739293667,-0.4696453972173764,0.6051746361928556,0.6679090016797529,0.6338927305868775,0.7210758759543505,0.7932923593716877,0.9106357677956716,2
Odra Wodzisław,Adriano,175.26,168.0,2013-05-24 00:00:00,0.0,1.0,Belgium,-0.3740697377690869,0.5762478739293667,-0.4696453972173764,0.6051746361928556,0.6679090016797529,0.6338927305868775,0.7210758759543505,0.7932923593716877,0.9106357677956716,2
Lech Poznań,Adriano,187.96,194.0,2013-03-01 00:00:00,2.0,1.0,Belgium,-0.3740697377690869,0.5181180347178778,0.056799295339379,0.6051746361928556,0.6679090016797529,0.6338927305868775,0.7210758759543505,0.7932923593716877,0.9106357677956716,2
GKS Bełchatów,Adriano,172.72,161.0,2013-02-15 00:00:00,0.0,1.0,Belgium,-0.3740697377690869,0.5181180347178778,0.056799295339379,0.5345618614810161,0.6679090016797529,0.5019845582597078,0.7210758759543505,0.7932923593716877,0.9106357677956716,2
Arka Gdynia,Adriano,182.88,176.0,2012-08-31 00:00:00,2.0,1.0,Belgium,-0.2220306961606631,0.5181180347178778,-0.2590675201946743,0.5345618614810161,0.6679090016797529,0.4360304720961229,0.7210758759543505,0.7932923593716877,0.8345049224119444,2
Jagiellonia Białystok,Adrien Goni,172.72,146.0,2012-02-22 00:00:00,1.0,0.0,Belgium,-0.3740697377690869,0.5181180347178778,-0.3643564587060254,0.1108852132099791,0.5549419516114276,0.3041222997689533,0.4122851886562448,0.5540788163606319,0.5299815408770363,2
Piast Gliwice,Adrien Hunou,175.26,137.0,2011-08-30 00:00:00,0.0,1.0,Belgium,-0.982225904202782,0.4599881955063887,0.6885329264074858,0.0402724384981395,0.5549419516114276,0.1722141274417836,-0.3596915295890194,-0.2432996603428876,0.1493273139584012,2
Cracovia,Adrien Rabiot,187.96,157.0,2008-08-30 00:00:00,1.0,4.0,Belgium,-0.982225904202782,0.4599881955063887,0.6885329264074858,0.0402724384981395,0.5549419516114276,0.1722141274417836,-0.3596915295890194,-0.2432996603428876,0.1493273139584012,2
Korona Kielce,Adrien Rawyler,177.8,150.0,2007-02-22 00:00:00,0.0,2.0,Belgium,-0.982225904202782,0.4599881955063887,0.6885329264074858,0.0402724384981395,0.5549419516114276,0.1722141274417836,-0.3596915295890194,-0.2432996603428876,0.1493273139584012,2
Zagłębie Lubin,Adrien Regattin,167.64,146.0,2012-02-22 00:00:00,0.0,4.0,Belgium,-0.8301868625943581,-1.690815855318704,0.1620882338507301,0.7464001856165347,0.2725243264406145,0.040305955114614,-1.440458935132389,-0.0838239650021837,-0.0029343768090527,2
Widzew Łódź,Adrien Silva,175.26,152.0,2011-08-30 00:00:00,0.0,1.0,Belgium,-0.5261087793775107,-1.690815855318704,0.1620882338507301,0.9582385097520532,0.2725243264406145,0.1062600412781988,-1.440458935132389,-0.0838239650021837,0.2254581593421283,2
Podbeskidzie Bielsko-Biała,Adrien Thomasson,177.8,159.0,2011-02-22 00:00:00,1.0,2.0,Belgium,0.6902035534898794,-1.690815855318704,0.1620882338507301,0.9582385097520532,0.2725243264406145,0.1062600412781988,-0.2052961859399665,-0.0838239650021837,0.2254581593421283,2
Pogoń Szczecin,Adrien Trebel,172.72,159.0,2010-08-30 00:00:00,0.0,2.0,Belgium,0.6902035534898794,-1.690815855318704,0.4253105801291079,1.2406896085994112,0.5549419516114276,0.3700763859325381,-0.0509008422909137,0.0756517303385201,0.3777198501095823,2
Zawisza Bydgoszcz,Adryan,175.26,157.0,2009-08-30 00:00:00,2.0,1.0,Belgium,0.6902035534898794,-1.690815855318704,0.4253105801291079,1.523140707446769,0.5549419516114276,0.4360304720961229,-0.0509008422909137,0.0756517303385201,0.4538506954933093,2
Górnik Łęczna,"Afonso Alves,24",185.42,163.0,2008-08-30 00:00:00,2.0,0.0,Belgium,0.6902035534898794,-1.690815855318704,0.4253105801291079,1.523140707446769,0.5549419516114276,0.4360304720961229,-0.0509008422909137,0.0756517303385201,0.4538506954933093,2
Termalica Bruk-Bet Nieciecza,Afonso,170.18,139.0,2007-08-30 00:00:00,1.0,1.0,Belgium,0.6902035534898794,-1.690815855318704,0.4253105801291079,1.523140707446769,0.5549419516114276,0.4360304720961229,-0.0509008422909137,0.0756517303385201,0.4538506954933093,2
FC Porto,Afriyie Acquah,177.8,154.0,2007-02-22 00:00:00,4.0,1.0,Belgium,0.9942816367067268,-1.690815855318704,0.4253105801291079,1.523140707446769,0.5549419516114276,0.4360304720961229,0.3350875168317184,0.0756517303385201,0.4538506954933093,2
CF Os Belenenses,Ager Aketxe,175.26,152.0,2016-02-04 00:00:00,0.0,1.0,Belgium,0.6902035534898794,1.0994164268327675,1.0043997419415391,1.1700768338875718,0.7808760517480781,0.6338927305868775,0.1034945013581391,0.2351274256792241,1.2151591493305796,2
Sporting CP,Agim Ibraimi,177.8,157.0,2016-01-21 00:00:00,1.0,0.0,Belgium,0.5381645118814556,1.0994164268327675,1.0043997419415391,1.0994640591757323,0.7808760517480781,0.6338927305868775,0.1034945013581391,0.2351274256792241,1.2151591493305796,2
Trofense,Agon Mehmeti,182.88,174.0,2015-12-24 00:00:00,3.0,0.0,Belgium,0.3861254702730318,1.0994164268327675,1.0043997419415391,1.0288512844638926,0.7808760517480781,0.6338927305868775,0.1034945013581391,0.2351274256792241,1.2151591493305796,2
Vitória Guimarães,Agustin Vuletich,185.42,174.0,2015-12-17 00:00:00,2.0,3.0,Belgium,0.2340864286646081,1.0994164268327675,0.7411773956631612,0.8876257350402137,0.5549419516114276,0.6998468167504622,0.1034945013581391,0.2351274256792241,1.2151591493305796,2
Vitória Setúbal,Ahmed Ammi,180.34,165.0,2015-12-03 00:00:00,1.0,3.0,Belgium,0.2340864286646081,0.8668970699868117,0.7411773956631612,0.8876257350402137,0.5549419516114276,0.6998468167504622,0.1034945013581391,0.2351274256792241,1.2151591493305796,2
FC Paços de Ferreira,Ahmed Apimah Barusso,182.88,165.0,2015-11-06 00:00:00,1.0,0.0,Belgium,0.2340864286646081,0.8668970699868117,0.7411773956631612,0.8170129603283742,0.4419749015431023,0.5679386444232926,0.1034945013581391,0.2351274256792241,1.2151591493305796,2
SC Braga,Ahmed El Messaoudi,182.88,172.0,2015-09-25 00:00:00,2.0,2.0,Belgium,0.3861254702730318,0.8668970699868117,0.7411773956631612,0.8170129603283742,0.4419749015431023,0.5679386444232926,0.1034945013581391,0.2351274256792241,1.2151591493305796,2
Amadora,Ahmed El Mohamady,182.88,172.0,2015-09-21 00:00:00,1.0,3.0,Belgium,0.3861254702730318,0.8668970699868117,0.7411773956631612,0.8170129603283742,0.4419749015431023,0.5679386444232926,0.1034945013581391,0.2351274256792241,1.2151591493305796,2
Académica de Coimbra,Ahmed Hamoudi,172.72,148.0,2015-05-22 00:00:00,1.0,5.0,Belgium,-0.0699916545522394,0.5181180347178778,0.6885329264074858,0.6757874109046952,0.3854913765089398,0.5019845582597078,0.1034945013581391,0.2351274256792241,0.9106357677956716,2
Rio Ave FC,Ahmed Hassan Koka,190.5,187.0,2015-05-15 00:00:00,0.0,1.0,Belgium,-0.0699916545522394,0.5181180347178778,0.6885329264074858,0.6757874109046952,0.3854913765089398,0.5019845582597078,0.1034945013581391,0.2351274256792241,0.9106357677956716,2
SL Benfica,Ahmed Hegazy,195.58,183.0,2015-02-13 00:00:00,0.0,2.0,Belgium,-0.2220306961606631,0.5181180347178778,0.6885329264074858,0.5345618614810161,0.3854913765089398,0.4360304720961229,0.1034945013581391,0.2351274256792241,0.9106357677956716,2
Leixões SC,Ahmed Kantari,185.42,181.0,2015-01-30 00:00:00,2.0,1.0,Belgium,-0.5261087793775107,0.5181180347178778,0.6885329264074858,0.5345618614810161,0.3854913765089398,0.4360304720961229,0.1034945013581391,0.2351274256792241,0.9106357677956716,2
CD Nacional,Ahmed Kashi,177.8,168.0,2014-09-18 00:00:00,0.0,1.0,Belgium,-0.5261087793775107,0.5181180347178778,0.5832439878961346,0.4639490867691766,0.3854913765089398,0.4360304720961229,0.1034945013581391,0.2351274256792241,0.9106357677956716,2
Naval 1° de Maio,Ahmed Musa,167.64,152.0,2014-09-19 00:00:00,3.0,1.0,Belgium,-0.5261087793775107,0.5181180347178778,0.7938218649188368,0.4639490867691766,0.5549419516114276,0.4360304720961229,0.6438782041298241,0.2351274256792241,0.9106357677956716,2
CS Marítimo,Ahmed Saied Okka,185.42,174.0,2014-03-14 00:00:00,0.0,4.0,Belgium,0.5381645118814556,0.5181180347178778,0.7938218649188368,0.4639490867691766,0.5549419516114276,0.4360304720961229,0.6438782041298241,0.2351274256792241,0.9106357677956716,2
"União de Leiria, SAD",Ahmed Samir Farag,182.88,190.0,2014-02-07 00:00:00,1.0,4.0,Belgium,0.5381645118814556,0.5181180347178778,0.7938218649188368,0.4639490867691766,0.5549419516114276,0.4360304720961229,0.6438782041298241,0.2351274256792241,0.9106357677956716,2
S.C. Olhanense,Ahmed Soukouna,182.88,168.0,2013-12-13 00:00:00,0.0,3.0,Belgium,0.5381645118814556,0.5181180347178778,0.7938218649188368,0.4639490867691766,0.5549419516114276,0.4360304720961229,0.6438782041298241,0.2351274256792241,0.9106357677956716,2
Portimonense,Ahmet Ozcan,182.88,165.0,2013-11-22 00:00:00,2.0,2.0,Belgium,0.5381645118814556,0.5181180347178778,0.5832439878961346,0.4639490867691766,0.5549419516114276,0.4360304720961229,0.6438782041298241,0.2351274256792241,0.9106357677956716,2
SC Beira Mar,Aidan Connolly,165.1,143.0,2013-05-24 00:00:00,2.0,0.0,Belgium,-0.0699916545522394,0.5181180347178778,0.5832439878961346,0.4639490867691766,0.5549419516114276,0.4360304720961229,0.6438782041298241,0.2351274256792241,0.9106357677956716,2
Feirense,Aidan Nesbitt,175.26,143.0,2013-03-08 00:00:00,1.0,1.0,Belgium,-0.0699916545522394,0.5181180347178778,0.5832439878961346,0.4639490867691766,0.5549419516114276,0.4360304720961229,0.6438782041298241,0.2351274256792241,0.9106357677956716,2
Gil Vicente FC,Aiden Chippendale,172.72,150.0,2013-02-15 00:00:00,0.0,0.0,Belgium,-0.0699916545522394,0.5181180347178778,0.5832439878961346,0.4639490867691766,0.5549419516114276,0.4360304720961229,0.6438782041298241,0.2351274256792241,0.9106357677956716,2
Moreirense FC,Aiden McGeady,177.8,157.0,2012-08-31 00:00:00,0.0,0.0,Belgium,-0.3740697377690869,0.5181180347178778,0.2147327031064057,0.4639490867691766,0.2160408014064519,0.1062600412781988,0.6438782041298241,1.0325059023827436,0.1493273139584012,1
Estoril Praia,Aimo Stefano Diana,175.26,163.0,2012-02-22 00:00:00,1.0,2.0,Belgium,-0.0699916545522394,0.5181180347178778,0.2147327031064057,0.3227235373454976,0.1595572763722892,-0.1575563033761404,0.6438782041298241,1.0325059023827436,-0.6119811398788689,1
FC Arouca,Airam Cabrera,180.34,172.0,2011-08-30 00:00:00,1.0,2.0,Belgium,-0.0699916545522394,0.5181180347178778,0.2147327031064057,0.3227235373454976,0.1595572763722892,-0.1575563033761404,0.6438782041298241,1.0325059023827436,-0.6119811398788689,1
FC Penafiel,Airton,180.34,170.0,2011-02-22 00:00:00,3.0,2.0,Belgium,-0.982225904202782,0.6343777131408557,0.1094437645950546,0.2521107626336581,-0.1228603487985238,0.040305955114614,0.6438782041298241,0.394603121019928,-0.4597194491114148,1
Boavista FC,Aislan,193.04,198.0,2010-02-22 00:00:00,0.0,1.0,Belgium,-0.982225904202782,0.6343777131408557,0.1094437645950546,0.2521107626336581,-0.1228603487985238,0.040305955114614,0.6438782041298241,0.394603121019928,-0.4597194491114148,1
Uniao da Madeira,Aissa Laidouni,182.88,161.0,2009-08-30 00:00:00,1.0,0.0,Belgium,-0.982225904202782,0.6343777131408557,0.1094437645950546,0.2521107626336581,-0.1228603487985238,0.040305955114614,0.6438782041298241,0.394603121019928,-0.4597194491114148,1
Tondela,Aissa Mandi,182.88,172.0,2007-02-22 00:00:00,1.0,3.0,Belgium,-0.982225904202782,0.6343777131408557,0.1094437645950546,0.2521107626336581,-0.1228603487985238,0.040305955114614,0.6438782041298241,0.394603121019928,-0.4597194491114148,1
Falkirk,Aitor Nunez,177.8,154.0,2014-09-18 00:00:00,0.0,2.0,Belgium,-0.5261087793775107,-0.4119593926659461,-1.4172458438195366,-0.3127914350610579,-0.7441791241743126,-1.014959423502743,0.0262968295336127,0.0756517303385201,-0.9165045214137768,1
Rangers,Aitor Ocio,187.96,170.0,2014-04-25 00:00:00,0.0,3.0,Belgium,-0.5261087793775107,-0.4119593926659461,-1.4172458438195366,-0.3127914350610579,-0.7441791241743126,-1.014959423502743,-0.282493857764493,-0.1635618126725356,-0.9165045214137768,1
Heart of Midlothian,Aiyegbeni Yakubu,182.88,183.0,2014-04-04 00:00:00,2.0,0.0,Belgium,-0.5261087793775107,-0.4119593926659461,-1.4172458438195366,-0.3127914350610579,-0.7441791241743126,-1.014959423502743,-0.282493857764493,-0.1635618126725356,-0.9165045214137768,1
Motherwell,Akaki Gogia,177.8,161.0,2014-02-07 00:00:00,2.0,0.0,Belgium,-0.5261087793775107,-0.4119593926659461,-1.4172458438195366,-0.3127914350610579,-0.7441791241743126,-1.014959423502743,-0.282493857764493,-0.1635618126725356,-0.9165045214137768,1
Kilmarnock,Akihiro Ienaga,172.72,154.0,2014-01-17 00:00:00,2.0,0.0,Belgium,-0.5261087793775107,-0.4119593926659461,-1.4172458438195366,-0.3127914350610579,-0.7441791241743126,-1.014959423502743,-0.282493857764493,-0.0040861173318317,-0.9165045214137768,1
Hibernian,Akoete Eninful,182.88,154.0,2013-12-27 00:00:00,1.0,3.0,Belgium,-0.5261087793775107,-0.4119593926659461,-1.4172458438195366,-0.3127914350610579,-0.7441791241743126,-1.014959423502743,-0.282493857764493,-0.0040861173318317,-0.9165045214137768,1
Aberdeen,Akos Buzsaky,180.34,163.0,2013-09-20 00:00:00,1.0,3.0,Belgium,-0.5261087793775107,-0.4119593926659461,-1.4172458438195366,-0.3127914350610579,-0.7441791241743126,-1.014959423502743,-0.282493857764493,-0.0040861173318317,-0.9165045214137768,1
Inverness Caledonian Thistle,Akpo Sodje,187.96,176.0,2007-02-22 00:00:00,1.0,1.0,Belgium,-0.5261087793775107,-0.4119593926659461,-1.4172458438195366,-0.3127914350610579,-0.7441791241743126,-1.014959423502743,-0.282493857764493,-0.0040861173318317,-0.9165045214137768,1
Celtic,Akwetey Mensah,172.72,163.0,2016-04-28 00:00:00,1.0,2.0,Belgium,-0.3740697377690869,0.5181180347178778,0.8991108034301879,0.1108852132099791,0.8938431018164034,0.8317549890776319,1.1070642350769826,0.7932923593716877,-0.0029343768090527,2
St. Mirren,Alaeddine Yahia,187.96,179.0,2016-04-14 00:00:00,2.0,0.0,Belgium,-0.2220306961606631,0.5181180347178778,0.8991108034301879,0.1108852132099791,0.8938431018164034,0.8317549890776319,1.1070642350769826,0.7932923593716877,-0.0029343768090527,2
Hamilton Academical FC,Alain Cantareil,177.8,154.0,2016-01-21 00:00:00,1.0,0.0,Belgium,-0.2220306961606631,0.5181180347178778,0.8991108034301879,0.1108852132099791,0.8938431018164034,0.8317549890776319,1.1070642350769826,0.7932923593716877,-0.0029343768090527,2
Dundee United,Alain Nef,190.5,194.0,2015-12-17 00:00:00,0.0,3.0,Belgium,-0.0699916545522394,0.5181180347178778,0.8991108034301879,0.1108852132099791,0.950326626850566,0.8977090752412167,1.1070642350769826,0.7932923593716877,0.4538506954933093,2
St. Johnstone FC,Alain Pierre Mendy,182.88,159.0,2015-11-12 00:00:00,2.0,1.0,Belgium,-0.0699916545522394,0.5181180347178778,0.8991108034301879,0.1108852132099791,0.950326626850566,0.8977090752412167,1.1070642350769826,0.7932923593716877,0.4538506954933093,2
Dunfermline Athletic,Alain Rochat,182.88,172.0,2015-11-06 00:00:00,2.0,1.0,Belgium,-0.0699916545522394,0.5181180347178778,0.8991108034301879,0.1108852132099791,0.950326626850566,0.8977090752412167,1.1070642350769826,0.7932923593716877,0.4538506954933093,2
Dundee FC,Alain Schultz,175.26,165.0,2015-10-02 00:00:00,0.0,3.0,Belgium,0.0820473870561843,0.5181180347178778,0.8991108034301879,0.1108852132099791,0.950326626850566,0.8977090752412167,1.1070642350769826,0.7932923593716877,0.4538506954933093,2
Ross County FC,Alain Traore,175.26,161.0,2015-09-25 00:00:00,1.0,4.0,Belgium,0.0820473870561843,0.5181180347178778,0.8991108034301879,0.1108852132099791,0.950326626850566,0.8977090752412167,1.1070642350769826,0.7932923593716877,0.4538506954933093,2
Partick Thistle F.C.,Alain Wiss,180.34,148.0,2015-09-21 00:00:00,3.0,1.0,Belgium,-0.0699916545522394,0.5181180347178778,0.8991108034301879,0.1108852132099791,0.950326626850566,0.8977090752412167,0.9526688914279298,0.7932923593716877,0.4538506954933093,2
Valencia CF,Alan Combe,185.42,172.0,2015-03-06 00:00:00,0.0,1.0,Belgium,0.2340864286646081,0.5762478739293667,0.8464663341745123,0.2521107626336581,0.8938431018164034,0.8977090752412167,0.8754712196034034,0.7932923593716877,0.4538506954933093,2
RCD Mallorca,Alan Gow,182.88,154.0,2015-02-06 00:00:00,1.0,1.0,Belgium,0.2340864286646081,0.4599881955063887,0.8464663341745123,0.0402724384981395,0.8938431018164034,0.8317549890776319,0.8754712196034034,0.7932923593716877,0.4538506954933093,2
CA Osasuna,Alan Haydock,175.26,159.0,2014-09-18 00:00:00,0.0,2.0,Belgium,0.2340864286646081,0.4599881955063887,0.8464663341745123,0.0402724384981395,0.8938431018164034,0.8317549890776319,0.8754712196034034,0.7932923593716877,0.4538506954933093,2
Villarreal CF,Alan Henrique,187.96,181.0,2014-02-14 00:00:00,2.0,1.0,Belgium,0.0820473870561843,0.4018583562948997,0.8991108034301879,-0.0303403362136999,0.8938431018164034,0.8317549890776319,0.8754712196034034,0.8730302070420397,0.3777198501095823,2
RC Deportivo de La Coruña,Alan Hutton,185.42,161.0,2013-12-20 00:00:00,3.0,1.0,Belgium,0.0820473870561843,0.4018583562948997,0.6358884571518102,-0.3834042097728974,0.8373595767822407,0.765800902914047,0.8754712196034034,0.8730302070420397,0.3777198501095823,2
Real Madrid CF,Alan Kardec,187.96,176.0,2013-09-20 00:00:00,2.0,3.0,Belgium,-0.0699916545522394,0.4018583562948997,0.6358884571518102,-0.3834042097728974,0.8373595767822407,0.765800902914047,0.8754712196034034,0.8730302070420397,0.3777198501095823,2
CD Numancia,Alan Mannus,187.96,203.0,2013-03-22 00:00:00,1.0,1.0,Belgium,-0.0699916545522394,0.4018583562948997,0.6358884571518102,-0.3834042097728974,0.8373595767822407,0.765800902914047,1.1070642350769826,0.9527680547123916,0.3777198501095823,2
FC Barcelona,Alan Martin,182.88,165.0,2013-03-08 00:00:00,0.0,0.0,Belgium,-0.0699916545522394,0.4018583562948997,0.6358884571518102,-0.3834042097728974,0.8373595767822407,0.765800902914047,1.1070642350769826,0.9527680547123916,0.3777198501095823,2
Racing Santander,Alan Maybury,180.34,161.0,2013-02-15 00:00:00,2.0,4.0,Belgium,-0.5261087793775107,0.4018583562948997,0.6358884571518102,-0.3834042097728974,0.8373595767822407,0.765800902914047,1.0298665632524562,0.9527680547123916,0.3777198501095823,2
Sevilla FC,Alan O'Brien,177.8,157.0,2012-08-31 00:00:00,0.0,3.0,Belgium,0.0820473870561843,0.4018583562948997,0.6358884571518102,-0.3834042097728974,0.4419749015431023,0.3041222997689533,1.0298665632524562,0.47434096869028,0.3777198501095823,2
Real Sporting de Gijón,Alan Schons,180.34,163.0,2012-02-22 00:00:00,0.0,2.0,Belgium,0.0820473870561843,0.4018583562948997,1.0570442111972145,-0.2421786603492184,0.5549419516114276,0.3700763859325381,1.0298665632524562,0.47434096869028,0.3777198501095823,2
Getafe CF,Alan Smith,180.34,179.0,2011-08-30 00:00:00,1.0,0.0,Belgium,0.0820473870561843,0.4018583562948997,1.0570442111972145,-0.2421786603492184,0.5549419516114276,0.3700763859325381,0.4894828604807713,0.47434096869028,0.0731964685746742,2
Real Betis Balompié,Alan Tate,185.42,187.0,2010-08-30 00:00:00,0.0,1.0,Belgium,0.8422425950983031,0.4599881955063887,1.10968868045289,-0.1715658856373789,0.6114254766455902,0.4360304720961229,0.6438782041298241,0.6338166640309839,0.1493273139584012,2
RC Recreativo,Alan Uryga,190.5,187.0,2009-08-30 00:00:00,2.0,1.0,Belgium,1.4503987615319982,0.2855986778719218,0.9517552726858636,-0.736468083332095,0.498458426577265,0.2381682136053685,-0.1280985141154401,0.6338166640309839,-1.068766212181231,1
RCD Espanyol,Alan,180.34,154.0,2009-02-22 00:00:00,0.0,2.0,Belgium,1.4503987615319982,-0.8769981063578581,0.9517552726858636,-1.4425958304504902,0.498458426577265,0.2381682136053685,-0.1280985141154401,0.2351274256792241,-1.068766212181231,1
Real Valladolid,Alassane Diallo,175.26,132.0,2008-08-30 00:00:00,1.0,0.0,Belgium,1.4503987615319982,-0.8769981063578581,0.8991108034301879,-1.4425958304504902,0.2160408014064519,-0.2235103895397252,-0.1280985141154401,0.2351274256792241,-1.068766212181231,1
Athletic Club de Bilbao,Alassane Plea,180.34,174.0,2007-08-30 00:00:00,0.0,1.0,Belgium,1.4503987615319982,-0.8769981063578581,0.8991108034301879,-1.4425958304504902,0.2160408014064519,-0.2235103895397252,-0.1280985141154401,0.2351274256792241,-1.068766212181231,1
UD Almería,Alassane Tambe,182.88,161.0,2007-02-22 00:00:00,1.0,0.0,Belgium,1.4503987615319982,-0.8769981063578581,0.8991108034301879,-1.4425958304504902,0.2160408014064519,-0.2235103895397252,-0.1280985141154401,0.2351274256792241,-1.068766212181231,1
Atlético Madrid,Alassane Toure,182.88,161.0,2016-03-10 00:00:00,0.0,0.0,Belgium,1.7544768447488457,1.1575462660442566,1.3202665574755923,1.45252793273493,1.2327442520213792,1.2274795060591408,0.1034945013581391,0.0756517303385201,1.9003367577841224,2
Málaga CF,Alban Joinel,187.96,181.0,2016-03-03 00:00:00,0.0,2.0,Belgium,1.7544768447488457,1.1575462660442566,1.3202665574755923,1.45252793273493,1.2327442520213792,1.2274795060591408,0.257889845007192,0.0756517303385201,1.9003367577841224,2
Xerez Club Deportivo,Alban Lafont,193.04,170.0,2016-02-18 00:00:00,1.0,2.0,Belgium,1.7544768447488457,1.1575462660442566,1.3202665574755923,1.45252793273493,1.2327442520213792,1.2274795060591408,0.257889845007192,0.0756517303385201,1.9003367577841224,2
Real Zaragoza,Alban Meha,175.26,168.0,2016-01-28 00:00:00,0.0,2.0,Belgium,1.7544768447488457,1.1575462660442566,1.3202665574755923,1.45252793273493,1.2327442520213792,1.2274795060591408,0.257889845007192,0.0756517303385201,1.9003367577841224,2
CD Tenerife,Alban Pnishi,187.96,179.0,2015-09-21 00:00:00,0.0,1.0,Belgium,1.906515886357269,1.0994164268327675,1.3202665574755923,1.523140707446769,1.2327442520213792,1.2274795060591408,0.257889845007192,-0.0040861173318317,1.9764676031678496,2
Hércules Club de Fútbol,Albano Benjamin Bizzarri,193.04,196.0,2015-02-06 00:00:00,2.0,1.0,Belgium,1.906515886357269,1.0994164268327675,1.3202665574755923,1.523140707446769,1.2327442520213792,1.2274795060591408,0.4122851886562448,0.0756517303385201,1.9764676031678496,2
Levante UD,Albert Baning,193.04,179.0,2014-12-19 00:00:00,1.0,1.0,Belgium,1.906515886357269,1.0994164268327675,1.4255554959869434,1.523140707446769,1.2327442520213792,1.2274795060591408,0.4122851886562448,0.0756517303385201,1.9764676031678496,2
Real Sociedad,Albert Bunjaku,177.8,165.0,2014-10-02 00:00:00,1.0,4.0,Belgium,1.906515886357269,1.0994164268327675,1.4255554959869434,1.523140707446769,1.2327442520213792,1.2274795060591408,0.4122851886562448,0.0756517303385201,1.9764676031678496,2
Granada CF,Albert Crusat,165.1,143.0,2014-09-18 00:00:00,2.0,1.0,Belgium,1.906515886357269,1.0994164268327675,1.4255554959869434,1.523140707446769,1.2327442520213792,1.2274795060591408,0.4122851886562448,0.0756517303385201,1.9764676031678496,2
Rayo Vallecano,Albert Meyong Ze,182.88,157.0,2014-04-25 00:00:00,2.0,2.0,Belgium,1.7544768447488457,1.0994164268327675,1.372911026731268,1.523140707446769,1.2327442520213792,1.2274795060591408,0.4122851886562448,0.0756517303385201,1.9764676031678496,2
RC Celta de Vigo,Albert Rafetraniaina,175.26,143.0,2014-04-18 00:00:00,1.0,2.0,Belgium,1.7544768447488457,1.0994164268327675,1.372911026731268,1.523140707446769,1.2327442520213792,1.2274795060591408,0.4122851886562448,0.0756517303385201,1.9764676031678496,2
Elche CF,Albert Riera,187.96,183.0,2014-03-21 00:00:00,1.0,2.0,Belgium,1.7544768447488457,1.0994164268327675,1.372911026731268,1.523140707446769,1.2327442520213792,1.2274795060591408,0.4122851886562448,0.0756517303385201,1.9764676031678496,2
SD Eibar,Albert Rusnak,180.34,143.0,2013-12-13 00:00:00,1.0,1.0,Belgium,1.7544768447488457,1.0994164268327675,1.372911026731268,1.523140707446769,1.2327442520213792,1.2274795060591408,0.4122851886562448,0.0756517303385201,1.9764676031678496,2
Córdoba CF,Albert Streit,180.34,174.0,2013-12-06 00:00:00,1.0,4.0,Belgium,1.7544768447488457,1.0994164268327675,1.2676220882199167,1.45252793273493,1.2327442520213792,1.2274795060591408,0.4122851886562448,0.0756517303385201,1.9003367577841224,2
UD Las Palmas,Alberto Aquilani,185.42,174.0,2013-11-29 00:00:00,1.0,1.0,Belgium,1.7544768447488457,1.0994164268327675,1.2676220882199167,1.45252793273493,1.2327442520213792,1.2274795060591408,0.4122851886562448,0.0756517303385201,1.9003367577841224,2
Grasshopper Club Zürich,Alberto Botia,187.96,176.0,2013-11-08 00:00:00,1.0,0.0,Belgium,1.7544768447488457,1.0994164268327675,1.2676220882199167,1.45252793273493,1.2327442520213792,1.2274795060591408,0.4122851886562448,0.0756517303385201,1.9003367577841224,2
AC Bellinzona,Alberto Brignoli,187.96,163.0,2013-11-01 00:00:00,0.0,0.0,Belgium,1.7544768447488457,1.0994164268327675,1.2676220882199167,1.45252793273493,1.2327442520213792,1.2274795060591408,0.3350875168317184,-0.0040861173318317,1.9003367577841224,2
BSC Young Boys,Alberto Bueno,177.8,141.0,2013-10-25 00:00:00,1.0,2.0,Belgium,1.7544768447488457,1.0994164268327675,1.2676220882199167,1.45252793273493,1.2327442520213792,1.2274795060591408,0.3350875168317184,-0.0040861173318317,1.9003367577841224,2
FC Basel,Alberto Cifuentes,187.96,148.0,2013-10-11 00:00:00,2.0,3.0,Belgium,1.7544768447488457,1.0994164268327675,1.2676220882199167,1.45252793273493,1.119777201953054,1.0955713337319712,0.1034945013581391,-0.1635618126725356,1.9003367577841224,2
FC Aarau,Alberto De la Bella,182.88,181.0,2013-10-04 00:00:00,1.0,3.0,Belgium,1.6024378031404218,1.0994164268327675,1.2676220882199167,1.45252793273493,1.119777201953054,1.0955713337319712,0.1034945013581391,-0.1635618126725356,1.9003367577841224,2
FC Sion,Alberto Fontana,185.42,161.0,2013-09-27 00:00:00,1.0,2.0,Belgium,1.6024378031404218,1.0994164268327675,1.0043997419415391,1.45252793273493,1.119777201953054,1.0955713337319712,0.1034945013581391,-0.1635618126725356,1.9003367577841224,2
FC Luzern,"Alberto Frison,18",190.5,187.0,2013-09-20 00:00:00,0.0,4.0,Belgium,1.6024378031404218,1.0994164268327675,1.0043997419415391,1.45252793273493,1.119777201953054,1.0955713337319712,0.1034945013581391,-0.1635618126725356,1.9003367577841224,2
FC Vaduz,Alberto Garcia,182.88,170.0,2013-08-16 00:00:00,0.0,2.0,Belgium,1.2983597199235744,1.0994164268327675,0.8991108034301879,1.3819151580230902,1.119777201953054,0.8977090752412167,0.1034945013581391,-0.1635618126725356,1.9003367577841224,2
Neuchâtel Xamax,Alberto Gilardino,182.88,174.0,2013-05-10 00:00:00,4.0,2.0,Belgium,1.2983597199235744,1.0994164268327675,0.8991108034301879,1.3819151580230902,1.119777201953054,0.8977090752412167,0.1034945013581391,-0.1635618126725356,1.9003367577841224,2
FC Zürich,Alberto Giuliatto,180.34,170.0,2013-04-19 00:00:00,3.0,1.0,Belgium,1.2983597199235744,1.0994164268327675,0.8991108034301879,1.3819151580230902,1.119777201953054,0.8977090752412167,0.1034945013581391,-0.1635618126725356,1.9003367577841224,2
FC St. Gallen,Alberto Grassi,182.88,165.0,2013-03-22 00:00:00,0.0,2.0,Belgium,1.4503987615319982,1.0994164268327675,0.8991108034301879,1.45252793273493,1.119777201953054,1.0296172475683862,0.1034945013581391,-0.1635618126725356,1.9003367577841224,2
FC Thun,Alberto Guitian,182.88,163.0,2013-03-15 00:00:00,1.0,0.0,Belgium,1.4503987615319982,1.0994164268327675,0.8991108034301879,1.45252793273493,1.119777201953054,1.0296172475683862,0.1034945013581391,-0.1635618126725356,1.9003367577841224,2
Servette FC,Alberto Lopo,185.42,179.0,2013-03-01 00:00:00,2.0,1.0,Belgium,1.4503987615319982,1.0994164268327675,0.8991108034301879,1.45252793273493,1.119777201953054,1.0296172475683862,0.1034945013581391,-0.1635618126725356,1.9003367577841224,2
FC Lausanne-Sports,"Alberto Luque,21",182.88,176.0,2013-02-22 00:00:00,1.0,7.0,Belgium,1.4503987615319982,1.0994164268327675,0.8991108034301879,1.45252793273493,1.119777201953054,1.0296172475683862,0.1034945013581391,-0.1635618126725356,1.9003367577841224,2
Lugano,Alberto Maria Fontana,187.96,183.0,2013-02-15 00:00:00,0.0,0.0,Belgium,1.6024378031404218,1.0994164268327675,0.8991108034301879,1.45252793273493,1.119777201953054,1.0296172475683862,0.6438782041298241,0.5540788163606319,1.7480750670166685,2
